﻿Designator,Footprint,Quantity,Value,LCSC Part #
D1,LED_RGB_Wuerth-PLCC4_3.2x2.8mm_150141M173100,1,LED_RGB,
D2,0805,1,LED,
J1,PinSocket_1x08_P2.54mm_Vertical,1,Power,
J2,PinSocket_1x10_P2.54mm_Vertical,1,Digital/PWM,
J3,PinSocket_1x06_P2.54mm_Vertical,1,Analog,
J4,PinSocket_1x08_P2.54mm_Vertical,1,Digital/PWM,
J5,DC-005-A200,1,Barrel_Jack_Switch,
J6,JST_PH_S2B-PH-SM4-TB_1x02-1MP_P2.00mm_Horizontal,1,Conn_01x02,
J7,JST_SH_BM04B-SRSS-TB_1x04-1MP_P1.00mm_Vertical,1,Conn_01x04,
J8,USB_C_Receptacle_G-Switch_GT-USB-7010i,1,USB_C_Receptacle_USB2.0_16P,
"R1, R2, R3, R5",0603,4,1k,
"R10, R9",0603,2,5.1k,
"R4, R8",0603,2,10k,
"R6, R7",0603,2,4.7k,
"SW1, SW2",SW_Push_1P1T_XKB_TS-1187A,2,SW_Push,
SW3,G-Swtich_SW_DPDT,1,G_Switch_DPDT,
U1,SoM_M2_Connector,1,~,
U2,ParticlePowerModuleSMD,1,~,
